{"resourceType":"ImplementationGuide","id":"ig","text":{"status":"generated","div":"<div xmlns=\"http://www.w3.org/1999/xhtml\"><h2>Implementation Guide Template</h2><p>The official URL for this implementation guide is: </p><pre>http://hl7.org/fhir/us/core/ImplementationGuide/ig</pre></div>"},"url":"http://hl7.org/fhir/us/core/ImplementationGuide/ig","name":"Implementation Guide Template","status":"draft","experimental":true,"publisher":"FHIR Project","package":[{"name":"base","resource":[{"extension":[{"url":"http://hl7.org/fhir/StructureDefinition/implementationguide-page","valueUri":"Observation-weight.html"}],"example":true,"sourceReference":{"reference":"Observation/weight"}},{"extension":[{"url":"http://hl7.org/fhir/StructureDefinition/implementationguide-page","valueUri":"Observation-vitals-panel.html"}],"example":true,"sourceReference":{"reference":"Observation/vitals-panel"}},{"extension":[{"url":"http://hl7.org/fhir/StructureDefinition/implementationguide-page","valueUri":"Observation-usg.html"}],"example":true,"sourceReference":{"reference":"Observation/usg"}},{"extension":[{"url":"http://hl7.org/fhir/StructureDefinition/implementationguide-page","valueUri":"Bundle-uscore-ms3.html"}],"example":true,"sourceReference":{"reference":"Bundle/uscore-ms3"}},{"extension":[{"url":"http://hl7.org/fhir/StructureDefinition/implementationguide-page","valueUri":"MedicationStatement-uscore-ms2.html"}],"example":true,"sourceReference":{"reference":"MedicationStatement/uscore-ms2"}},{"extension":[{"url":"http://hl7.org/fhir/StructureDefinition/implementationguide-page","valueUri":"MedicationStatement-uscore-ms1.html"}],"example":true,"sourceReference":{"reference":"MedicationStatement/uscore-ms1"}},{"extension":[{"url":"http://hl7.org/fhir/StructureDefinition/implementationguide-page","valueUri":"Bundle-uscore-mo3.html"}],"example":true,"sourceReference":{"reference":"Bundle/uscore-mo3"}},{"extension":[{"url":"http://hl7.org/fhir/StructureDefinition/implementationguide-page","valueUri":"MedicationRequest-uscore-mo2.html"}],"example":true,"sourceReference":{"reference":"MedicationRequest/uscore-mo2"}},{"extension":[{"url":"http://hl7.org/fhir/StructureDefinition/implementationguide-page","valueUri":"MedicationRequest-uscore-mo1.html"}],"example":true,"sourceReference":{"reference":"MedicationRequest/uscore-mo1"}},{"extension":[{"url":"http://hl7.org/fhir/StructureDefinition/implementationguide-page","valueUri":"Medication-uscore-med2.html"}],"example":true,"sourceReference":{"reference":"Medication/uscore-med2"}},{"extension":[{"url":"http://hl7.org/fhir/StructureDefinition/implementationguide-page","valueUri":"Medication-uscore-med1.html"}],"example":true,"sourceReference":{"reference":"Medication/uscore-med1"}},{"extension":[{"url":"http://hl7.org/fhir/StructureDefinition/implementationguide-page","valueUri":"Observation-urobilinogen.html"}],"example":true,"sourceReference":{"reference":"Observation/urobilinogen"}},{"extension":[{"url":"http://hl7.org/fhir/StructureDefinition/implementationguide-page","valueUri":"Observation-urine-wbcs.html"}],"example":true,"sourceReference":{"reference":"Observation/urine-wbcs"}},{"extension":[{"url":"http://hl7.org/fhir/StructureDefinition/implementationguide-page","valueUri":"Observation-urine-sediment.html"}],"example":true,"sourceReference":{"reference":"Observation/urine-sediment"}},{"extension":[{"url":"http://hl7.org/fhir/StructureDefinition/implementationguide-page","valueUri":"Observation-urine-rbcs.html"}],"example":true,"sourceReference":{"reference":"Observation/urine-rbcs"}},{"extension":[{"url":"http://hl7.org/fhir/StructureDefinition/implementationguide-page","valueUri":"Observation-urine-protein.html"}],"example":true,"sourceReference":{"reference":"Observation/urine-protein"}},{"extension":[{"url":"http://hl7.org/fhir/StructureDefinition/implementationguide-page","valueUri":"Observation-urine-ph.html"}],"example":true,"sourceReference":{"reference":"Observation/urine-ph"}},{"extension":[{"url":"http://hl7.org/fhir/StructureDefinition/implementationguide-page","valueUri":"Observation-urine-nitrite.html"}],"example":true,"sourceReference":{"reference":"Observation/urine-nitrite"}},{"extension":[{"url":"http://hl7.org/fhir/StructureDefinition/implementationguide-page","valueUri":"Observation-urine-leukocyte-esterase.html"}],"example":true,"sourceReference":{"reference":"Observation/urine-leukocyte-esterase"}},{"extension":[{"url":"http://hl7.org/fhir/StructureDefinition/implementationguide-page","valueUri":"Observation-urine-ketone.html"}],"example":true,"sourceReference":{"reference":"Observation/urine-ketone"}},{"extension":[{"url":"http://hl7.org/fhir/StructureDefinition/implementationguide-page","valueUri":"Observation-urine-hemoglobin.html"}],"example":true,"sourceReference":{"reference":"Observation/urine-hemoglobin"}},{"extension":[{"url":"http://hl7.org/fhir/StructureDefinition/implementationguide-page","valueUri":"Observation-urine-glucose.html"}],"example":true,"sourceReference":{"reference":"Observation/urine-glucose"}},{"extension":[{"url":"http://hl7.org/fhir/StructureDefinition/implementationguide-page","valueUri":"Observation-urine-epi-cells.html"}],"example":true,"sourceReference":{"reference":"Observation/urine-epi-cells"}},{"extension":[{"url":"http://hl7.org/fhir/StructureDefinition/implementationguide-page","valueUri":"Observation-urine-color.html"}],"example":true,"sourceReference":{"reference":"Observation/urine-color"}},{"extension":[{"url":"http://hl7.org/fhir/StructureDefinition/implementationguide-page","valueUri":"Observation-urine-clarity.html"}],"example":true,"sourceReference":{"reference":"Observation/urine-clarity"}},{"extension":[{"url":"http://hl7.org/fhir/StructureDefinition/implementationguide-page","valueUri":"Observation-urine-cells.html"}],"example":true,"sourceReference":{"reference":"Observation/urine-cells"}},{"extension":[{"url":"http://hl7.org/fhir/StructureDefinition/implementationguide-page","valueUri":"Observation-urine-bilirubin.html"}],"example":true,"sourceReference":{"reference":"Observation/urine-bilirubin"}},{"extension":[{"url":"http://hl7.org/fhir/StructureDefinition/implementationguide-page","valueUri":"Observation-urine-bacteria.html"}],"example":true,"sourceReference":{"reference":"Observation/urine-bacteria"}},{"extension":[{"url":"http://hl7.org/fhir/StructureDefinition/implementationguide-page","valueUri":"DiagnosticReport-urinalysis.html"}],"example":true,"sourceReference":{"reference":"DiagnosticReport/urinalysis"}},{"extension":[{"url":"http://hl7.org/fhir/StructureDefinition/implementationguide-page","valueUri":"Device-udi-1.html"}],"example":true,"sourceReference":{"reference":"Device/udi-1"}},{"extension":[{"url":"http://hl7.org/fhir/StructureDefinition/implementationguide-page","valueUri":"Observation-temperature.html"}],"example":true,"sourceReference":{"reference":"Observation/temperature"}},{"extension":[{"url":"http://hl7.org/fhir/StructureDefinition/implementationguide-page","valueUri":"Observation-some-day-smoker.html"}],"example":true,"sourceReference":{"reference":"Observation/some-day-smoker"}},{"extension":[{"url":"http://hl7.org/fhir/StructureDefinition/implementationguide-page","valueUri":"Observation-serum-total-bilirubin.html"}],"example":true,"sourceReference":{"reference":"Observation/serum-total-bilirubin"}},{"extension":[{"url":"http://hl7.org/fhir/StructureDefinition/implementationguide-page","valueUri":"Observation-serum-sodium.html"}],"example":true,"sourceReference":{"reference":"Observation/serum-sodium"}},{"extension":[{"url":"http://hl7.org/fhir/StructureDefinition/implementationguide-page","valueUri":"Observation-serum-potassium.html"}],"example":true,"sourceReference":{"reference":"Observation/serum-potassium"}},{"extension":[{"url":"http://hl7.org/fhir/StructureDefinition/implementationguide-page","valueUri":"Observation-serum-creatinine.html"}],"example":true,"sourceReference":{"reference":"Observation/serum-creatinine"}},{"extension":[{"url":"http://hl7.org/fhir/StructureDefinition/implementationguide-page","valueUri":"Observation-serum-co2.html"}],"example":true,"sourceReference":{"reference":"Observation/serum-co2"}},{"extension":[{"url":"http://hl7.org/fhir/StructureDefinition/implementationguide-page","valueUri":"Observation-serum-chloride.html"}],"example":true,"sourceReference":{"reference":"Observation/serum-chloride"}},{"extension":[{"url":"http://hl7.org/fhir/StructureDefinition/implementationguide-page","valueUri":"Observation-serum-calcium.html"}],"example":true,"sourceReference":{"reference":"Observation/serum-calcium"}},{"extension":[{"url":"http://hl7.org/fhir/StructureDefinition/implementationguide-page","valueUri":"Observation-respiratory-rate.html"}],"example":true,"sourceReference":{"reference":"Observation/respiratory-rate"}},{"extension":[{"url":"http://hl7.org/fhir/StructureDefinition/implementationguide-page","valueUri":"Procedure-rehab.html"}],"example":true,"sourceReference":{"reference":"Procedure/rehab"}},{"extension":[{"url":"http://hl7.org/fhir/StructureDefinition/implementationguide-page","valueUri":"Practitioner-practitioner-2.html"}],"example":true,"sourceReference":{"reference":"Practitioner/practitioner-2"}},{"extension":[{"url":"http://hl7.org/fhir/StructureDefinition/implementationguide-page","valueUri":"Practitioner-practitioner-1.html"}],"example":true,"sourceReference":{"reference":"Practitioner/practitioner-1"}},{"extension":[{"url":"http://hl7.org/fhir/StructureDefinition/implementationguide-page","valueUri":"Patient-example.html"}],"example":true,"sourceReference":{"reference":"Patient/example"}},{"extension":[{"url":"http://hl7.org/fhir/StructureDefinition/implementationguide-page","valueUri":"Observation-oxygen-saturation.html"}],"example":true,"sourceReference":{"reference":"Observation/oxygen-saturation"}},{"extension":[{"url":"http://hl7.org/fhir/StructureDefinition/implementationguide-page","valueUri":"Observation-neutrophils.html"}],"example":true,"sourceReference":{"reference":"Observation/neutrophils"}},{"extension":[{"url":"http://hl7.org/fhir/StructureDefinition/implementationguide-page","valueUri":"DiagnosticReport-metabolic-panel.html"}],"example":true,"sourceReference":{"reference":"DiagnosticReport/metabolic-panel"}},{"extension":[{"url":"http://hl7.org/fhir/StructureDefinition/implementationguide-page","valueUri":"Observation-mchc.html"}],"example":true,"sourceReference":{"reference":"Observation/mchc"}},{"extension":[{"url":"http://hl7.org/fhir/StructureDefinition/implementationguide-page","valueUri":"Observation-length.html"}],"example":true,"sourceReference":{"reference":"Observation/length"}},{"extension":[{"url":"http://hl7.org/fhir/StructureDefinition/implementationguide-page","valueUri":"Immunization-imm-1.html"}],"example":true,"sourceReference":{"reference":"Immunization/imm-1"}},{"extension":[{"url":"http://hl7.org/fhir/StructureDefinition/implementationguide-page","valueUri":"Location-hl7east.html"}],"example":true,"sourceReference":{"reference":"Location/hl7east"}},{"extension":[{"url":"http://hl7.org/fhir/StructureDefinition/implementationguide-page","valueUri":"Observation-hemoglobin.html"}],"example":true,"sourceReference":{"reference":"Observation/hemoglobin"}},{"extension":[{"url":"http://hl7.org/fhir/StructureDefinition/implementationguide-page","valueUri":"Observation-height.html"}],"example":true,"sourceReference":{"reference":"Observation/height"}},{"extension":[{"url":"http://hl7.org/fhir/StructureDefinition/implementationguide-page","valueUri":"Observation-heart-rate.html"}],"example":true,"sourceReference":{"reference":"Observation/heart-rate"}},{"extension":[{"url":"http://hl7.org/fhir/StructureDefinition/implementationguide-page","valueUri":"Observation-head-circumference.html"}],"example":true,"sourceReference":{"reference":"Observation/head-circumference"}},{"extension":[{"url":"http://hl7.org/fhir/StructureDefinition/implementationguide-page","valueUri":"Condition-hc1.html"}],"example":true,"sourceReference":{"reference":"Condition/hc1"}},{"extension":[{"url":"http://hl7.org/fhir/StructureDefinition/implementationguide-page","valueUri":"Goal-goal-1.html"}],"example":true,"sourceReference":{"reference":"Goal/goal-1"}},{"extension":[{"url":"http://hl7.org/fhir/StructureDefinition/implementationguide-page","valueUri":"Observation-erythrocytes.html"}],"example":true,"sourceReference":{"reference":"Observation/erythrocytes"}},{"extension":[{"url":"http://hl7.org/fhir/StructureDefinition/implementationguide-page","valueUri":"Encounter-1036.html"}],"example":true,"sourceReference":{"reference":"Encounter/1036"}},{"extension":[{"url":"http://hl7.org/fhir/StructureDefinition/implementationguide-page","valueUri":"Condition-example.html"}],"example":true,"sourceReference":{"reference":"Condition/example"}},{"extension":[{"url":"http://hl7.org/fhir/StructureDefinition/implementationguide-page","valueUri":"CarePlan-colonoscopy.html"}],"example":true,"sourceReference":{"reference":"CarePlan/colonoscopy"}},{"extension":[{"url":"http://hl7.org/fhir/StructureDefinition/implementationguide-page","valueUri":"DiagnosticReport-cbc.html"}],"example":true,"sourceReference":{"reference":"DiagnosticReport/cbc"}},{"extension":[{"url":"http://hl7.org/fhir/StructureDefinition/implementationguide-page","valueUri":"CareTeam-example.html"}],"example":true,"sourceReference":{"reference":"CareTeam/example"}},{"extension":[{"url":"http://hl7.org/fhir/StructureDefinition/implementationguide-page","valueUri":"Observation-bun.html"}],"example":true,"sourceReference":{"reference":"Observation/bun"}},{"extension":[{"url":"http://hl7.org/fhir/StructureDefinition/implementationguide-page","valueUri":"Observation-bp-data-absent.html"}],"example":true,"sourceReference":{"reference":"Observation/bp-data-absent"}},{"extension":[{"url":"http://hl7.org/fhir/StructureDefinition/implementationguide-page","valueUri":"Observation-bmi.html"}],"example":true,"sourceReference":{"reference":"Observation/bmi"}},{"extension":[{"url":"http://hl7.org/fhir/StructureDefinition/implementationguide-page","valueUri":"Observation-blood-pressure.html"}],"example":true,"sourceReference":{"reference":"Observation/blood-pressure"}},{"extension":[{"url":"http://hl7.org/fhir/StructureDefinition/implementationguide-page","valueUri":"Observation-blood-glucose.html"}],"example":true,"sourceReference":{"reference":"Observation/blood-glucose"}},{"extension":[{"url":"http://hl7.org/fhir/StructureDefinition/implementationguide-page","valueUri":"AllergyIntolerance-example.html"}],"example":true,"sourceReference":{"reference":"AllergyIntolerance/example"}},{"extension":[{"url":"http://hl7.org/fhir/StructureDefinition/implementationguide-page","valueUri":"Organization-acme-lab.html"}],"example":true,"sourceReference":{"reference":"Organization/acme-lab"}},{"extension":[{"url":"http://hl7.org/fhir/StructureDefinition/implementationguide-page","valueUri":"ValueSet-us-core-substance.html"}],"example":false,"sourceReference":{"reference":"ValueSet/us-core-substance"}},{"extension":[{"url":"http://hl7.org/fhir/StructureDefinition/implementationguide-page","valueUri":"ValueSet-us-core-substance-sct.html"}],"example":false,"sourceReference":{"reference":"ValueSet/us-core-substance-sct"}},{"extension":[{"url":"http://hl7.org/fhir/StructureDefinition/implementationguide-page","valueUri":"ValueSet-us-core-substance-rxnorm.html"}],"example":false,"sourceReference":{"reference":"ValueSet/us-core-substance-rxnorm"}},{"extension":[{"url":"http://hl7.org/fhir/StructureDefinition/implementationguide-page","valueUri":"ValueSet-us-core-substance-ndfrt.html"}],"example":false,"sourceReference":{"reference":"ValueSet/us-core-substance-ndfrt"}},{"extension":[{"url":"http://hl7.org/fhir/StructureDefinition/implementationguide-page","valueUri":"ValueSet-us-core-provider-specialty.html"}],"example":false,"sourceReference":{"reference":"ValueSet/us-core-provider-specialty"}},{"extension":[{"url":"http://hl7.org/fhir/StructureDefinition/implementationguide-page","valueUri":"ValueSet-us-core-provider-role.html"}],"example":false,"sourceReference":{"reference":"ValueSet/us-core-provider-role"}},{"extension":[{"url":"http://hl7.org/fhir/StructureDefinition/implementationguide-page","valueUri":"ValueSet-us-core-procedure-icd10pcs.html"}],"example":false,"sourceReference":{"reference":"ValueSet/us-core-procedure-icd10pcs"}},{"extension":[{"url":"http://hl7.org/fhir/StructureDefinition/implementationguide-page","valueUri":"ValueSet-us-core-procedure-code.html"}],"example":false,"sourceReference":{"reference":"ValueSet/us-core-procedure-code"}},{"extension":[{"url":"http://hl7.org/fhir/StructureDefinition/implementationguide-page","valueUri":"ValueSet-us-core-problem.html"}],"example":false,"sourceReference":{"reference":"ValueSet/us-core-problem"}},{"extension":[{"url":"http://hl7.org/fhir/StructureDefinition/implementationguide-page","valueUri":"ValueSet-us-core-observation-value-codes.html"}],"example":false,"sourceReference":{"reference":"ValueSet/us-core-observation-value-codes"}},{"extension":[{"url":"http://hl7.org/fhir/StructureDefinition/implementationguide-page","valueUri":"ValueSet-us-core-observation-ccdasmokingstatus.html"}],"example":false,"sourceReference":{"reference":"ValueSet/us-core-observation-ccdasmokingstatus"}},{"extension":[{"url":"http://hl7.org/fhir/StructureDefinition/implementationguide-page","valueUri":"ValueSet-us-core-ndc-vaccine-codes.html"}],"example":false,"sourceReference":{"reference":"ValueSet/us-core-ndc-vaccine-codes"}},{"extension":[{"url":"http://hl7.org/fhir/StructureDefinition/implementationguide-page","valueUri":"ValueSet-us-core-narrative-status.html"}],"example":false,"sourceReference":{"reference":"ValueSet/us-core-narrative-status"}},{"extension":[{"url":"http://hl7.org/fhir/StructureDefinition/implementationguide-page","valueUri":"ValueSet-us-core-medication-codes.html"}],"example":false,"sourceReference":{"reference":"ValueSet/us-core-medication-codes"}},{"extension":[{"url":"http://hl7.org/fhir/StructureDefinition/implementationguide-page","valueUri":"ValueSet-us-core-cvx.html"}],"example":false,"sourceReference":{"reference":"ValueSet/us-core-cvx"}},{"extension":[{"url":"http://hl7.org/fhir/StructureDefinition/implementationguide-page","valueUri":"ValueSet-us-core-condition-category.html"}],"example":false,"sourceReference":{"reference":"ValueSet/us-core-condition-category"}},{"extension":[{"url":"http://hl7.org/fhir/StructureDefinition/implementationguide-page","valueUri":"ValueSet-us-core-careteam-provider-roles.html"}],"example":false,"sourceReference":{"reference":"ValueSet/us-core-careteam-provider-roles"}},{"extension":[{"url":"http://hl7.org/fhir/StructureDefinition/implementationguide-page","valueUri":"ValueSet-us-core-birthsex.html"}],"example":false,"sourceReference":{"reference":"ValueSet/us-core-birthsex"}},{"extension":[{"url":"http://hl7.org/fhir/StructureDefinition/implementationguide-page","valueUri":"ValueSet-simple-language.html"}],"example":false,"sourceReference":{"reference":"ValueSet/simple-language"}},{"extension":[{"url":"http://hl7.org/fhir/StructureDefinition/implementationguide-page","valueUri":"ValueSet-omb-race-category.html"}],"example":false,"sourceReference":{"reference":"ValueSet/omb-race-category"}},{"extension":[{"url":"http://hl7.org/fhir/StructureDefinition/implementationguide-page","valueUri":"ValueSet-omb-ethnicity-category.html"}],"example":false,"sourceReference":{"reference":"ValueSet/omb-ethnicity-category"}},{"extension":[{"url":"http://hl7.org/fhir/StructureDefinition/implementationguide-page","valueUri":"ValueSet-detailed-race.html"}],"example":false,"sourceReference":{"reference":"ValueSet/detailed-race"}},{"extension":[{"url":"http://hl7.org/fhir/StructureDefinition/implementationguide-page","valueUri":"ValueSet-detailed-ethnicity.html"}],"example":false,"sourceReference":{"reference":"ValueSet/detailed-ethnicity"}},{"extension":[{"url":"http://hl7.org/fhir/StructureDefinition/implementationguide-page","valueUri":"StructureDefinition-us-core-race.html"}],"example":false,"sourceReference":{"reference":"StructureDefinition/us-core-race"}},{"extension":[{"url":"http://hl7.org/fhir/StructureDefinition/implementationguide-page","valueUri":"StructureDefinition-us-core-profile-link.html"}],"example":false,"sourceReference":{"reference":"StructureDefinition/us-core-profile-link"}},{"extension":[{"url":"http://hl7.org/fhir/StructureDefinition/implementationguide-page","valueUri":"StructureDefinition-us-core-ethnicity.html"}],"example":false,"sourceReference":{"reference":"StructureDefinition/us-core-ethnicity"}},{"extension":[{"url":"http://hl7.org/fhir/StructureDefinition/implementationguide-page","valueUri":"StructureDefinition-us-core-direct.html"}],"example":false,"sourceReference":{"reference":"StructureDefinition/us-core-direct"}},{"extension":[{"url":"http://hl7.org/fhir/StructureDefinition/implementationguide-page","valueUri":"StructureDefinition-us-core-birthsex.html"}],"example":false,"sourceReference":{"reference":"StructureDefinition/us-core-birthsex"}},{"extension":[{"url":"http://hl7.org/fhir/StructureDefinition/implementationguide-page","valueUri":"SearchParameter-us-core-race.html"}],"example":false,"sourceReference":{"reference":"SearchParameter/us-core-race"}},{"extension":[{"url":"http://hl7.org/fhir/StructureDefinition/implementationguide-page","valueUri":"SearchParameter-us-core-ethnicity.html"}],"example":false,"sourceReference":{"reference":"SearchParameter/us-core-ethnicity"}},{"extension":[{"url":"http://hl7.org/fhir/StructureDefinition/implementationguide-page","valueUri":"ConceptMap-ndc-cvx.html"}],"example":false,"sourceReference":{"reference":"ConceptMap/ndc-cvx"}},{"extension":[{"url":"http://hl7.org/fhir/StructureDefinition/implementationguide-page","valueUri":"CodeSystem-condition-category.html"}],"example":false,"sourceReference":{"reference":"CodeSystem/condition-category"}},{"extension":[{"url":"http://hl7.org/fhir/StructureDefinition/implementationguide-page","valueUri":"CodeSystem-cdcrec.html"}],"example":false,"sourceReference":{"reference":"CodeSystem/cdcrec"}},{"extension":[{"url":"http://hl7.org/fhir/StructureDefinition/implementationguide-page","valueUri":"CodeSystem-careplan-category.html"}],"example":false,"sourceReference":{"reference":"CodeSystem/careplan-category"}},{"extension":[{"url":"http://hl7.org/fhir/StructureDefinition/implementationguide-page","valueUri":"CapabilityStatement-server.html"}],"example":false,"sourceReference":{"reference":"CapabilityStatement/server"}},{"extension":[{"url":"http://hl7.org/fhir/StructureDefinition/implementationguide-page","valueUri":"CapabilityStatement-client.html"}],"example":false,"sourceReference":{"reference":"CapabilityStatement/client"}}]},{"name":"US  Core AllergyIntolerance Profile","resource":[{"extension":[{"url":"http://hl7.org/fhir/StructureDefinition/implementationguide-page","valueUri":"StructureDefinition-us-core-allergyintolerance.html"}],"example":false,"name":"US  Core AllergyIntolerance Profile","sourceReference":{"reference":"StructureDefinition/us-core-allergyintolerance"}}]},{"name":"US Core CarePlan Profile","resource":[{"extension":[{"url":"http://hl7.org/fhir/StructureDefinition/implementationguide-page","valueUri":"StructureDefinition-us-core-careplan.html"}],"example":false,"name":"US Core CarePlan Profile","sourceReference":{"reference":"StructureDefinition/us-core-careplan"}}]},{"name":"US  Core CareTeam Profile","resource":[{"extension":[{"url":"http://hl7.org/fhir/StructureDefinition/implementationguide-page","valueUri":"StructureDefinition-us-core-careteam.html"}],"example":false,"name":"US  Core CareTeam Profile","sourceReference":{"reference":"StructureDefinition/us-core-careteam"}}]},{"name":"US  Core Condition (a.k.a Problem) Profile","resource":[{"extension":[{"url":"http://hl7.org/fhir/StructureDefinition/implementationguide-page","valueUri":"StructureDefinition-us-core-condition.html"}],"example":false,"name":"US  Core Condition (a.k.a Problem) Profile","sourceReference":{"reference":"StructureDefinition/us-core-condition"}}]},{"name":"US  Core Device Profile","resource":[{"extension":[{"url":"http://hl7.org/fhir/StructureDefinition/implementationguide-page","valueUri":"StructureDefinition-us-core-device.html"}],"example":false,"name":"US  Core Device Profile","sourceReference":{"reference":"StructureDefinition/us-core-device"}}]},{"name":"US  Core DiagnosticReport Profile","resource":[{"extension":[{"url":"http://hl7.org/fhir/StructureDefinition/implementationguide-page","valueUri":"StructureDefinition-us-core-diagnosticreport.html"}],"example":false,"name":"US  Core DiagnosticReport Profile","sourceReference":{"reference":"StructureDefinition/us-core-diagnosticreport"}}]},{"name":"US  Core Goal Profile","resource":[{"extension":[{"url":"http://hl7.org/fhir/StructureDefinition/implementationguide-page","valueUri":"StructureDefinition-us-core-goal.html"}],"example":false,"name":"US  Core Goal Profile","sourceReference":{"reference":"StructureDefinition/us-core-goal"}}]},{"name":"US  Core Immunization Profile","resource":[{"extension":[{"url":"http://hl7.org/fhir/StructureDefinition/implementationguide-page","valueUri":"StructureDefinition-us-core-immunization.html"}],"example":false,"name":"US  Core Immunization Profile","sourceReference":{"reference":"StructureDefinition/us-core-immunization"}}]},{"name":"US  Core Location Profile","resource":[{"extension":[{"url":"http://hl7.org/fhir/StructureDefinition/implementationguide-page","valueUri":"StructureDefinition-us-core-location.html"}],"example":false,"name":"US  Core Location Profile","sourceReference":{"reference":"StructureDefinition/us-core-location"}}]},{"name":"US  Core Medication Profile","resource":[{"extension":[{"url":"http://hl7.org/fhir/StructureDefinition/implementationguide-page","valueUri":"StructureDefinition-us-core-medication.html"}],"example":false,"name":"US  Core Medication Profile","sourceReference":{"reference":"StructureDefinition/us-core-medication"}}]},{"name":"US  Core MedicationRequest Profile","resource":[{"extension":[{"url":"http://hl7.org/fhir/StructureDefinition/implementationguide-page","valueUri":"StructureDefinition-us-core-medicationrequest.html"}],"example":false,"name":"US  Core MedicationRequest Profile","sourceReference":{"reference":"StructureDefinition/us-core-medicationrequest"}}]},{"name":"US  Core MedicationStatement Profile","resource":[{"extension":[{"url":"http://hl7.org/fhir/StructureDefinition/implementationguide-page","valueUri":"StructureDefinition-us-core-medicationstatement.html"}],"example":false,"name":"US  Core MedicationStatement Profile","sourceReference":{"reference":"StructureDefinition/us-core-medicationstatement"}}]},{"name":"US  Core Results Profile","resource":[{"extension":[{"url":"http://hl7.org/fhir/StructureDefinition/implementationguide-page","valueUri":"StructureDefinition-us-core-observationresults.html"}],"example":false,"name":"US  Core Results Profile","sourceReference":{"reference":"StructureDefinition/us-core-observationresults"}}]},{"name":"US  Core Smoking Status Profile","resource":[{"extension":[{"url":"http://hl7.org/fhir/StructureDefinition/implementationguide-page","valueUri":"StructureDefinition-us-core-smokingstatus.html"}],"example":false,"name":"US  Core Smoking Status Profile","sourceReference":{"reference":"StructureDefinition/us-core-smokingstatus"}}]},{"name":"US Core Organization Core Profile","resource":[{"extension":[{"url":"http://hl7.org/fhir/StructureDefinition/implementationguide-page","valueUri":"StructureDefinition-us-core-organization.html"}],"example":false,"name":"US Core Organization Core Profile","sourceReference":{"reference":"StructureDefinition/us-core-organization"}}]},{"name":"US Core Patient Profile","resource":[{"extension":[{"url":"http://hl7.org/fhir/StructureDefinition/implementationguide-page","valueUri":"StructureDefinition-us-core-patient.html"}],"example":false,"name":"US Core Patient Profile","sourceReference":{"reference":"StructureDefinition/us-core-patient"}}]},{"name":"US  Core Practitioner Profile","resource":[{"extension":[{"url":"http://hl7.org/fhir/StructureDefinition/implementationguide-page","valueUri":"StructureDefinition-us-core-practitioner.html"}],"example":false,"name":"US  Core Practitioner Profile","sourceReference":{"reference":"StructureDefinition/us-core-practitioner"}}]},{"name":"US  Core Procedure Profile","resource":[{"extension":[{"url":"http://hl7.org/fhir/StructureDefinition/implementationguide-page","valueUri":"StructureDefinition-us-core-procedure.html"}],"example":false,"name":"US  Core Procedure Profile","sourceReference":{"reference":"StructureDefinition/us-core-procedure"}}]}],"page":{"source":"index.html","title":"US Core Homepage","kind":"page"}}