{"resourceType":"ValueSet","id":"us-core-substance","meta":{"lastUpdated":"2016-05-25T16:59:08.250+10:00","profile":["http://hl7.org/fhir/StructureDefinition/valueset-shareable-definition"]},"text":{"status":"generated","div":"<div xmlns=\"http://www.w3.org/1999/xhtml\"><h2>US Core Substance-Reactant for Intolerance and Negation Codes</h2><div><p>A substance or other type of agent (e.g., sunshine) that may be associated with an intolerance reaction event or a propensity to such an event. These concepts are expected to be at a more general level of abstraction (ingredients versus more specific formulations). This value set is quite general and includes concepts that may never cause an adverse event, particularly the included SNOMED CT concepts. The code system-specific value sets in this grouping value set are intended to provide broad coverage of all kinds of agents, but the expectation for use is that the chosen concept identifier for a substance should be appropriately specific and drawn from the available code systems in the following priority order:  1. NDF-RT codes for drug class allergies  2. RxNorm codes limited to term types (TTY) , 'BN' Brand Name, 'IN' ingredient, 'MIN' multiple ingredient, and 'PIN' precise ingredient for drug ingredient allergies  3. SNOMED CT including concepts from SCTID 716186003 No Known allergy (situation) and if no other code from above code systems are available</p>\n</div><p><b>Copyright Statement:</b> This value set includes content from SNOMED CT, which is copyright © 2002+ International Health Terminology Standards Development Organisation (IHTSDO), and distributed by agreement between IHTSDO and HL7. Implementer use of SNOMED CT is not covered by this agreement</p><p>This value set includes codes from the following code systems:</p><ul><li/><li>Import all the codes that are contained in <a href=\"ValueSet-us-core-substance-ndfrt.html\">http://hl7.org/fhir/us/core/ValueSet/us-core-substance-ndfrt</a></li><li/><li>Import all the codes that are contained in <a href=\"ValueSet-us-core-substance-rxnorm.html\">http://hl7.org/fhir/us/core/ValueSet/us-core-substance-rxnorm</a></li><li/><li>Import all the codes that are contained in <a href=\"ValueSet-us-core-substance-sct.html\">http://hl7.org/fhir/us/core/ValueSet/us-core-substance-sct</a></li></ul></div>"},"url":"http://hl7.org/fhir/us/core/ValueSet/us-core-substance","version":"1.0.0","name":"US Core Substance-Reactant for Intolerance and Negation Codes","status":"draft","date":"2016-05-25T16:59:08+10:00","publisher":"HL7 US Realm Steering Committee","contact":[{"telecom":[{"system":"other","value":"http://hl7.org/fhir"}]}],"description":"A substance or other type of agent (e.g., sunshine) that may be associated with an intolerance reaction event or a propensity to such an event. These concepts are expected to be at a more general level of abstraction (ingredients versus more specific formulations). This value set is quite general and includes concepts that may never cause an adverse event, particularly the included SNOMED CT concepts. The code system-specific value sets in this grouping value set are intended to provide broad coverage of all kinds of agents, but the expectation for use is that the chosen concept identifier for a substance should be appropriately specific and drawn from the available code systems in the following priority order:  1. NDF-RT codes for drug class allergies  2. RxNorm codes limited to term types (TTY) , 'BN' Brand Name, 'IN' ingredient, 'MIN' multiple ingredient, and 'PIN' precise ingredient for drug ingredient allergies  3. SNOMED CT including concepts from SCTID 716186003 No Known allergy (situation) and if no other code from above code systems are available ","copyright":"This value set includes content from SNOMED CT, which is copyright © 2002+ International Health Terminology Standards Development Organisation (IHTSDO), and distributed by agreement between IHTSDO and HL7. Implementer use of SNOMED CT is not covered by this agreement","compose":{"include":[{"valueSet":["http://hl7.org/fhir/us/core/ValueSet/us-core-substance-ndfrt"]},{"valueSet":["http://hl7.org/fhir/us/core/ValueSet/us-core-substance-rxnorm"]},{"valueSet":["http://hl7.org/fhir/us/core/ValueSet/us-core-substance-sct"]}]}}